Model,Accuracy,Macro_Precision,Macro_Recall,Macro_F1
TextBlob,0.4193621034259494,0.533964814795291,0.4722401121569813,0.40658460554983894
