Model,Accuracy,Macro_Precision,Macro_Recall,Macro_F1
TextBlob,0.320749936660755,0.35032698475664137,0.2915451283436437,0.2679203004758369
