Model,Accuracy,Macro_Precision,Macro_Recall,Macro_F1
VADER,0.6666103651155589,0.6867756656123232,0.6882127794572375,0.6692654724634831
